{
    "0.5": {
        "paper": [
            1.0,
            0.011027152966441604
        ],
        "baseline": [
            1.0,
            0.011570388835274817
        ]
    },
    "1.0": {
        "paper": [
            1.0,
            0.011220738991338058
        ],
        "baseline": [
            1.0,
            0.012281561993107364
        ]
    },
    "1.5": {
        "paper": [
            1.0,
            0.01162661952913413
        ],
        "baseline": [
            1.0,
            0.012432356090698548
        ]
    },
    "2.0": {
        "paper": [
            1.0,
            0.011373068818611276
        ],
        "baseline": [
            1.0,
            0.01171102363576898
        ]
    },
    "2.5": {
        "paper": [
            1.0,
            0.01162851158716472
        ],
        "baseline": [
            1.0,
            0.011907077005986323
        ]
    },
    "3.0": {
        "paper": [
            0.9993333333333333,
            0.012101213754169537
        ],
        "baseline": [
            0.9993333333333333,
            0.01166764430091114
        ]
    },
    "3.5": {
        "paper": [
            0.9988571428571429,
            0.011790896766965276
        ],
        "baseline": [
            0.9942857142857143,
            0.012023051962355069
        ]
    },
    "4.0": {
        "paper": [
            0.99125,
            0.011657815401479862
        ],
        "baseline": [
            0.983,
            0.011788412685813675
        ]
    }
}