{
    "0.5": {
        "paper": [
            1.0,
            0.013728919583922097
        ],
        "baseline": [
            1.0,
            0.012656923782110783
        ]
    },
    "1.0": {
        "paper": [
            1.0,
            0.012530939211039689
        ],
        "baseline": [
            1.0,
            0.01219013338960096
        ]
    },
    "1.5": {
        "paper": [
            1.0,
            0.012905467601112861
        ],
        "baseline": [
            1.0,
            0.012963946971468278
        ]
    },
    "2.0": {
        "paper": [
            1.0,
            0.01285403628529425
        ],
        "baseline": [
            1.0,
            0.012278684861947591
        ]
    },
    "2.5": {
        "paper": [
            1.0,
            0.01285396986470096
        ],
        "baseline": [
            1.0,
            0.012218323387264031
        ]
    },
    "3.0": {
        "paper": [
            1.0,
            0.012654023222969966
        ],
        "baseline": [
            0.9993333333333333,
            0.012622773679532778
        ]
    },
    "3.5": {
        "paper": [
            0.9997142857142857,
            0.01247551819544197
        ],
        "baseline": [
            0.9945714285714286,
            0.012429934981236625
        ]
    },
    "4.0": {
        "paper": [
            0.9965,
            0.012612428246416545
        ],
        "baseline": [
            0.987,
            0.012664844849043864
        ]
    }
}