{
    "0.5": {
        "paper": [
            1.0,
            0.011564900913415898
        ],
        "baseline": [
            1.0,
            0.011854471907757763
        ]
    },
    "1.0": {
        "paper": [
            1.0,
            0.012155462988642927
        ],
        "baseline": [
            1.0,
            0.011962308469442415
        ]
    },
    "1.5": {
        "paper": [
            0.9986666666666667,
            0.01203544954578629
        ],
        "baseline": [
            0.996,
            0.011926922155836371
        ]
    },
    "2.0": {
        "paper": [
            0.9875,
            0.012146850059909389
        ],
        "baseline": [
            0.966,
            0.0119826101551998
        ]
    },
    "2.5": {
        "paper": [
            0.9328,
            0.011805203641331617
        ],
        "baseline": [
            0.8728,
            0.011824259253067224
        ]
    },
    "3.0": {
        "paper": [
            0.8396666666666667,
            0.011969111009302065
        ],
        "baseline": [
            0.681,
            0.011816469807061022
        ]
    },
    "3.5": {
        "paper": [
            0.6914285714285714,
            0.01282434675677827
        ],
        "baseline": [
            0.42314285714285715,
            0.012853253495984414
        ]
    },
    "4.0": {
        "paper": [
            0.56925,
            0.013848684936146802
        ],
        "baseline": [
            0.1445,
            0.013220468708414432
        ]
    }
}