{
    "0.5": {
        "paper": [
            1.0,
            0.012913799466689772
        ],
        "baseline": [
            1.0,
            0.013861077041304246
        ]
    },
    "1.0": {
        "paper": [
            1.0,
            0.013468771138471634
        ],
        "baseline": [
            1.0,
            0.013035151538102719
        ]
    },
    "1.5": {
        "paper": [
            1.0,
            0.012531696726910757
        ],
        "baseline": [
            0.998,
            0.013054216032411152
        ]
    },
    "2.0": {
        "paper": [
            0.996,
            0.012833235729235863
        ],
        "baseline": [
            0.9815,
            0.012522200447509428
        ]
    },
    "2.5": {
        "paper": [
            0.9652,
            0.012974038812328921
        ],
        "baseline": [
            0.93,
            0.012635664656943551
        ]
    },
    "3.0": {
        "paper": [
            0.895,
            0.013598760925815275
        ],
        "baseline": [
            0.7973333333333333,
            0.013338086020279128
        ]
    },
    "3.5": {
        "paper": [
            0.774,
            0.014283756329163514
        ],
        "baseline": [
            0.5685714285714286,
            0.013744791594304794
        ]
    },
    "4.0": {
        "paper": [
            0.65025,
            0.014405973529656444
        ],
        "baseline": [
            0.30175,
            0.014348610588032608
        ]
    }
}