{
    "0.5": {
        "paper": [
            1.0,
            0.013948451889125574
        ],
        "baseline": [
            1.0,
            0.013880720750978466
        ]
    },
    "1.0": {
        "paper": [
            1.0,
            0.014366511004627039
        ],
        "baseline": [
            1.0,
            0.013056132377783058
        ]
    },
    "1.5": {
        "paper": [
            0.9993333333333333,
            0.013570761715723112
        ],
        "baseline": [
            0.994,
            0.013680358698941738
        ]
    },
    "2.0": {
        "paper": [
            0.9925,
            0.013509471447356869
        ],
        "baseline": [
            0.9765,
            0.013908482157103294
        ]
    },
    "2.5": {
        "paper": [
            0.9588,
            0.01478518405486601
        ],
        "baseline": [
            0.904,
            0.013809805421520391
        ]
    },
    "3.0": {
        "paper": [
            0.878,
            0.014588651890050517
        ],
        "baseline": [
            0.772,
            0.014471963586278705
        ]
    },
    "3.5": {
        "paper": [
            0.7825714285714286,
            0.01495665559366818
        ],
        "baseline": [
            0.5811428571428572,
            0.014799433593766754
        ]
    },
    "4.0": {
        "paper": [
            0.6885,
            0.0157975568317906
        ],
        "baseline": [
            0.38775,
            0.01507649299565998
        ]
    }
}