{
    "0.5": {
        "paper": [
            1.0,
            0.011425562617526365
        ],
        "baseline": [
            1.0,
            0.010888092998246461
        ]
    },
    "1.0": {
        "paper": [
            1.0,
            0.011508457942320298
        ],
        "baseline": [
            1.0,
            0.011103355698340575
        ]
    },
    "1.5": {
        "paper": [
            1.0,
            0.011375377273387065
        ],
        "baseline": [
            0.9993333333333333,
            0.011444196390985746
        ]
    },
    "2.0": {
        "paper": [
            0.9985,
            0.011734147247115355
        ],
        "baseline": [
            0.999,
            0.011044918680319957
        ]
    },
    "2.5": {
        "paper": [
            0.9972,
            0.011441745350734035
        ],
        "baseline": [
            0.9932,
            0.01173476863635864
        ]
    },
    "3.0": {
        "paper": [
            0.9846666666666667,
            0.011519442777435957
        ],
        "baseline": [
            0.9726666666666667,
            0.011381307567669965
        ]
    },
    "3.5": {
        "paper": [
            0.9574285714285714,
            0.011781896377900294
        ],
        "baseline": [
            0.922,
            0.011506900787426059
        ]
    },
    "4.0": {
        "paper": [
            0.9105,
            0.011935675786649603
        ],
        "baseline": [
            0.81525,
            0.011878376891541616
        ]
    }
}