{
    "0.5": {
        "paper": [
            1.0,
            0.012418741238176479
        ],
        "baseline": [
            1.0,
            0.01260467198840069
        ]
    },
    "1.0": {
        "paper": [
            1.0,
            0.012047514570710247
        ],
        "baseline": [
            1.0,
            0.012064271745152469
        ]
    },
    "1.5": {
        "paper": [
            1.0,
            0.012299632244002543
        ],
        "baseline": [
            1.0,
            0.012457850684060783
        ]
    },
    "2.0": {
        "paper": [
            1.0,
            0.011999164627405776
        ],
        "baseline": [
            1.0,
            0.012054354205111386
        ]
    },
    "2.5": {
        "paper": [
            1.0,
            0.012588026395267482
        ],
        "baseline": [
            0.9996,
            0.012519024373981363
        ]
    },
    "3.0": {
        "paper": [
            0.9996666666666667,
            0.011893345671191099
        ],
        "baseline": [
            0.9976666666666667,
            0.012244166158774938
        ]
    },
    "3.5": {
        "paper": [
            0.998,
            0.012029234899012546
        ],
        "baseline": [
            0.9942857142857143,
            0.012215739443530035
        ]
    },
    "4.0": {
        "paper": [
            0.992,
            0.012342447841652723
        ],
        "baseline": [
            0.98375,
            0.01219966278787177
        ]
    }
}