{
    "0.5": {
        "paper": [
            1.0,
            0.01009743562390458
        ],
        "baseline": [
            1.0,
            0.010185317053904006
        ]
    },
    "1.0": {
        "paper": [
            1.0,
            0.010583613449089323
        ],
        "baseline": [
            1.0,
            0.009821392781981625
        ]
    },
    "1.5": {
        "paper": [
            1.0,
            0.010705308391119566
        ],
        "baseline": [
            1.0,
            0.010012355426344285
        ]
    },
    "2.0": {
        "paper": [
            1.0,
            0.010091029411384943
        ],
        "baseline": [
            1.0,
            0.010531241090387196
        ]
    },
    "2.5": {
        "paper": [
            0.998,
            0.010030669432661368
        ],
        "baseline": [
            0.994,
            0.010921019879105634
        ]
    },
    "3.0": {
        "paper": [
            0.9856666666666667,
            0.010469086948806423
        ],
        "baseline": [
            0.9716666666666667,
            0.010475708075526401
        ]
    },
    "3.5": {
        "paper": [
            0.9548571428571428,
            0.010252027842252754
        ],
        "baseline": [
            0.91,
            0.010399953212232247
        ]
    },
    "4.0": {
        "paper": [
            0.9055,
            0.010700026160076249
        ],
        "baseline": [
            0.7915,
            0.010000646788853453
        ]
    }
}