{
    "0.5": {
        "paper": [
            1.0,
            0.011260438765149658
        ],
        "baseline": [
            1.0,
            0.010864738283077253
        ]
    },
    "1.0": {
        "paper": [
            1.0,
            0.011950284457690368
        ],
        "baseline": [
            1.0,
            0.011670058611350877
        ]
    },
    "1.5": {
        "paper": [
            1.0,
            0.01247933462474658
        ],
        "baseline": [
            1.0,
            0.011814142793651703
        ]
    },
    "2.0": {
        "paper": [
            1.0,
            0.011944634022328097
        ],
        "baseline": [
            1.0,
            0.012207950832475244
        ]
    },
    "2.5": {
        "paper": [
            0.998,
            0.01160265777480091
        ],
        "baseline": [
            0.9928,
            0.01131551767426006
        ]
    },
    "3.0": {
        "paper": [
            0.9896666666666667,
            0.01167052993792319
        ],
        "baseline": [
            0.979,
            0.01166277322024929
        ]
    },
    "3.5": {
        "paper": [
            0.9625714285714285,
            0.012185323593065752
        ],
        "baseline": [
            0.9317142857142857,
            0.011686472321910864
        ]
    },
    "4.0": {
        "paper": [
            0.9315,
            0.011879722444132691
        ],
        "baseline": [
            0.8485,
            0.012110070736038488
        ]
    }
}