{
    "2": {
        "paper": [
            1.0,
            0.01247551157825434
        ],
        "baseline": [
            1.0,
            0.013005196066459784
        ]
    },
    "4": {
        "paper": [
            1.0,
            0.01264968621088941
        ],
        "baseline": [
            1.0,
            0.01277672723263972
        ]
    },
    "6": {
        "paper": [
            0.9998333333333334,
            0.012842377157936034
        ],
        "baseline": [
            0.9986666666666667,
            0.0125316120225942
        ]
    },
    "8": {
        "paper": [
            0.997125,
            0.012949698029011235
        ],
        "baseline": [
            0.986875,
            0.01260144118617234
        ]
    },
    "12": {
        "paper": [
            0.9700833333333333,
            0.012764689588090647
        ],
        "baseline": [
            0.9396666666666667,
            0.012784374106816675
        ]
    },
    "14": {
        "paper": [
            0.901,
            0.01345922816212587
        ],
        "baseline": [
            0.8164285714285714,
            0.012907110064074322
        ]
    },
    "16": {
        "paper": [
            0.802375,
            0.013689348213963481
        ],
        "baseline": [
            0.6123125,
            0.013195780924435574
        ]
    }
}