{
    "2": {
        "paper": [
            1.0,
            0.013052181121183112
        ],
        "baseline": [
            1.0,
            0.01255939760163771
        ]
    },
    "4": {
        "paper": [
            0.99975,
            0.012784050044452691
        ],
        "baseline": [
            0.99925,
            0.012525760176429127
        ]
    },
    "6": {
        "paper": [
            0.9943333333333333,
            0.012869614375594142
        ],
        "baseline": [
            0.9823333333333333,
            0.013206138611032987
        ]
    },
    "8": {
        "paper": [
            0.953625,
            0.013299864637852486
        ],
        "baseline": [
            0.904,
            0.012987566421599454
        ]
    },
    "12": {
        "paper": [
            0.8399166666666666,
            0.013622682098264543
        ],
        "baseline": [
            0.72325,
            0.013520301134090413
        ]
    },
    "14": {
        "paper": [
            0.6691428571428572,
            0.015019377233460453
        ],
        "baseline": [
            0.4542857142857143,
            0.013965315135776684
        ]
    },
    "16": {
        "paper": [
            0.546875,
            0.01586644493424348
        ],
        "baseline": [
            0.2085,
            0.014472935854492962
        ]
    }
}