{
    "2": {
        "paper": [
            1.0,
            0.012156416331614671
        ],
        "baseline": [
            1.0,
            0.01181923311912388
        ]
    },
    "4": {
        "paper": [
            1.0,
            0.011984312648377458
        ],
        "baseline": [
            1.0,
            0.011822682655902424
        ]
    },
    "6": {
        "paper": [
            0.9986666666666667,
            0.0118836411495665
        ],
        "baseline": [
            0.9985,
            0.01194788695947039
        ]
    },
    "8": {
        "paper": [
            0.99425,
            0.012010033250595261
        ],
        "baseline": [
            0.98475,
            0.011866141000243413
        ]
    },
    "12": {
        "paper": [
            0.9701666666666666,
            0.012034323052135016
        ],
        "baseline": [
            0.9335833333333333,
            0.012104271144800925
        ]
    },
    "14": {
        "paper": [
            0.8887142857142857,
            0.012325562280057618
        ],
        "baseline": [
            0.7945,
            0.012193493824465976
        ]
    },
    "16": {
        "paper": [
            0.7780625,
            0.012910802648378515
        ],
        "baseline": [
            0.565,
            0.012569843527437823
        ]
    }
}