{
    "2": {
        "paper": [
            1.0,
            0.010429961578372596
        ],
        "baseline": [
            0.9995,
            0.010781576397741275
        ]
    },
    "4": {
        "paper": [
            0.99,
            0.01063313047013613
        ],
        "baseline": [
            0.962,
            0.010583300707120302
        ]
    },
    "6": {
        "paper": [
            0.873,
            0.010950080314422591
        ],
        "baseline": [
            0.7533333333333333,
            0.010867812763977705
        ]
    },
    "8": {
        "paper": [
            0.570875,
            0.011773164164875855
        ],
        "baseline": [
            0.3955,
            0.01154253136312568
        ]
    },
    "12": {
        "paper": [
            0.32958333333333334,
            0.013420248880240218
        ],
        "baseline": [
            0.24375,
            0.01208306165530878
        ]
    },
    "14": {
        "paper": [
            0.2037857142857143,
            0.01485220922942847
        ],
        "baseline": [
            0.09842857142857143,
            0.01287798706154799
        ]
    },
    "16": {
        "paper": [
            0.1515,
            0.01665130726829204
        ],
        "baseline": [
            0.020125,
            0.013299832949367187
        ]
    }
}