{
    "2": {
        "paper": [
            1.0,
            0.01138414238303014
        ],
        "baseline": [
            1.0,
            0.011660185206667461
        ]
    },
    "4": {
        "paper": [
            1.0,
            0.011707674309121417
        ],
        "baseline": [
            0.999,
            0.011918271254741042
        ]
    },
    "6": {
        "paper": [
            0.9918333333333333,
            0.011638604549152914
        ],
        "baseline": [
            0.9755,
            0.011777909247448166
        ]
    },
    "8": {
        "paper": [
            0.936375,
            0.011983744163512508
        ],
        "baseline": [
            0.875125,
            0.011912819352542741
        ]
    },
    "12": {
        "paper": [
            0.7974166666666667,
            0.012616275154142315
        ],
        "baseline": [
            0.6616666666666666,
            0.012513337025341265
        ]
    },
    "14": {
        "paper": [
            0.6033571428571428,
            0.013643575369137389
        ],
        "baseline": [
            0.36864285714285716,
            0.012857362539337372
        ]
    },
    "16": {
        "paper": [
            0.477875,
            0.014894131768157407
        ],
        "baseline": [
            0.1119375,
            0.013614902684196996
        ]
    }
}