{
    "2": {
        "paper": [
            1.0,
            0.012031105981844556
        ],
        "baseline": [
            1.0,
            0.012405523328985802
        ]
    },
    "4": {
        "paper": [
            1.0,
            0.012313925795936497
        ],
        "baseline": [
            1.0,
            0.012375568316365266
        ]
    },
    "6": {
        "paper": [
            1.0,
            0.012066711281177813
        ],
        "baseline": [
            0.9986666666666667,
            0.01223819207217811
        ]
    },
    "8": {
        "paper": [
            0.9955,
            0.012214961957445048
        ],
        "baseline": [
            0.987125,
            0.011954673851060716
        ]
    },
    "12": {
        "paper": [
            0.9728333333333333,
            0.01223659018243082
        ],
        "baseline": [
            0.9394166666666667,
            0.012309337665211292
        ]
    },
    "14": {
        "paper": [
            0.9022142857142857,
            0.012677050982674328
        ],
        "baseline": [
            0.8092857142857143,
            0.012562766166952646
        ]
    },
    "16": {
        "paper": [
            0.794875,
            0.013369797248747232
        ],
        "baseline": [
            0.587375,
            0.012859231374851239
        ]
    }
}