{
    "2": {
        "paper": [
            1.0,
            0.01253339544063999
        ],
        "baseline": [
            1.0,
            0.012637263787378356
        ]
    },
    "4": {
        "paper": [
            1.0,
            0.012679039780956036
        ],
        "baseline": [
            0.99925,
            0.01245968125442687
        ]
    },
    "6": {
        "paper": [
            0.9928333333333333,
            0.012455272925257584
        ],
        "baseline": [
            0.9836666666666667,
            0.012533654248042633
        ]
    },
    "8": {
        "paper": [
            0.949,
            0.012775817326129686
        ],
        "baseline": [
            0.89925,
            0.01260311327860977
        ]
    },
    "12": {
        "paper": [
            0.8336666666666667,
            0.013469203873718345
        ],
        "baseline": [
            0.7093333333333334,
            0.013131283702965861
        ]
    },
    "14": {
        "paper": [
            0.6381428571428571,
            0.014623232043652817
        ],
        "baseline": [
            0.4327142857142857,
            0.01351369306540577
        ]
    },
    "16": {
        "paper": [
            0.5193125,
            0.0156869028783571
        ],
        "baseline": [
            0.18925,
            0.01459660214063258
        ]
    }
}