{
    "2": {
        "paper": [
            1.0,
            0.011427694709386167
        ],
        "baseline": [
            0.9995,
            0.011204698177458016
        ]
    },
    "4": {
        "paper": [
            0.99475,
            0.011763730725300056
        ],
        "baseline": [
            0.96525,
            0.011559481404796713
        ]
    },
    "6": {
        "paper": [
            0.8755,
            0.012061629754941964
        ],
        "baseline": [
            0.7796666666666666,
            0.011940372995925335
        ]
    },
    "8": {
        "paper": [
            0.624875,
            0.013247780739225124
        ],
        "baseline": [
            0.476,
            0.012940032289309861
        ]
    },
    "12": {
        "paper": [
            0.40458333333333335,
            0.014824863372902099
        ],
        "baseline": [
            0.3329166666666667,
            0.013782170454420026
        ]
    },
    "14": {
        "paper": [
            0.2973571428571429,
            0.016703350802987304
        ],
        "baseline": [
            0.19578571428571429,
            0.014486895286646212
        ]
    },
    "16": {
        "paper": [
            0.2500625,
            0.01770945942719854
        ],
        "baseline": [
            0.12025,
            0.01551514320172126
        ]
    }
}