{
    "2": {
        "paper": [
            1.0,
            0.009810255094832555
        ],
        "baseline": [
            1.0,
            0.009965928689295548
        ]
    },
    "4": {
        "paper": [
            0.99025,
            0.009524862975397085
        ],
        "baseline": [
            0.94925,
            0.009906001123010337
        ]
    },
    "6": {
        "paper": [
            0.8318333333333333,
            0.01017324142694643
        ],
        "baseline": [
            0.708,
            0.010085146072021895
        ]
    },
    "8": {
        "paper": [
            0.51475,
            0.010778458754893382
        ],
        "baseline": [
            0.3565,
            0.010597881507722028
        ]
    },
    "12": {
        "paper": [
            0.27466666666666667,
            0.01193081770010294
        ],
        "baseline": [
            0.20216666666666666,
            0.011024756888502605
        ]
    },
    "14": {
        "paper": [
            0.15607142857142858,
            0.012883705039849388
        ],
        "baseline": [
            0.05828571428571429,
            0.011008682048624279
        ]
    },
    "16": {
        "paper": [
            0.1040625,
            0.014317293140119059
        ],
        "baseline": [
            -0.0133125,
            0.01183867820004784
        ]
    }
}