{
    "0.5": {
        "paper": [
            1.0,
            0.013716869978386172
        ],
        "baseline": [
            1.0,
            0.013716869978386167
        ]
    },
    "1.0": {
        "paper": [
            1.0,
            0.013350689512353462
        ],
        "baseline": [
            0.999,
            0.01336181634607772
        ]
    },
    "1.5": {
        "paper": [
            0.996,
            0.013632095645721098
        ],
        "baseline": [
            0.988,
            0.013699061838250736
        ]
    },
    "2.0": {
        "paper": [
            0.981,
            0.01381220733286348
        ],
        "baseline": [
            0.9375,
            0.014162534618818988
        ]
    },
    "2.5": {
        "paper": [
            0.9436,
            0.014458005847352288
        ],
        "baseline": [
            0.8132,
            0.015741520743116487
        ]
    },
    "3.0": {
        "paper": [
            0.883,
            0.01420835908968238
        ],
        "baseline": [
            0.608,
            0.016753162635346524
        ]
    },
    "3.5": {
        "paper": [
            0.782,
            0.014732707379160223
        ],
        "baseline": [
            0.34085714285714286,
            0.02208765644230169
        ]
    },
    "4.0": {
        "paper": [
            0.73625,
            0.0151497236346191
        ],
        "baseline": [
            0.06,
            0.07728488359184181
        ]
    }
}