{
    "0.5": {
        "paper": [
            1.0,
            0.012433233515016134
        ],
        "baseline": [
            1.0,
            0.012433233515016132
        ]
    },
    "1.0": {
        "paper": [
            1.0,
            0.011761071978855729
        ],
        "baseline": [
            1.0,
            0.01176107197885572
        ]
    },
    "1.5": {
        "paper": [
            1.0,
            0.012194784761039539
        ],
        "baseline": [
            1.0,
            0.012194784761039535
        ]
    },
    "2.0": {
        "paper": [
            0.9995,
            0.01166729585789038
        ],
        "baseline": [
            0.998,
            0.011681890875749043
        ]
    },
    "2.5": {
        "paper": [
            0.9976,
            0.011671058804023306
        ],
        "baseline": [
            0.9948,
            0.011705349574681594
        ]
    },
    "3.0": {
        "paper": [
            0.993,
            0.011807867474719028
        ],
        "baseline": [
            0.9793333333333333,
            0.01189031456370985
        ]
    },
    "3.5": {
        "paper": [
            0.9848571428571429,
            0.011320221061474104
        ],
        "baseline": [
            0.9488571428571428,
            0.011498647871632779
        ]
    },
    "4.0": {
        "paper": [
            0.97125,
            0.011706857542742507
        ],
        "baseline": [
            0.9025,
            0.012039628765705083
        ]
    }
}