{
    "0.5": {
        "paper": [
            1.0,
            0.012870167176648035
        ],
        "baseline": [
            1.0,
            0.012870167176648042
        ]
    },
    "1.0": {
        "paper": [
            1.0,
            0.011525582373396601
        ],
        "baseline": [
            1.0,
            0.011525582373396601
        ]
    },
    "1.5": {
        "paper": [
            1.0,
            0.012250357309095676
        ],
        "baseline": [
            0.998,
            0.012268708769084697
        ]
    },
    "2.0": {
        "paper": [
            0.998,
            0.011982884513293438
        ],
        "baseline": [
            0.988,
            0.012006113534845583
        ]
    },
    "2.5": {
        "paper": [
            0.9868,
            0.012026454040158424
        ],
        "baseline": [
            0.9596,
            0.012127532836261513
        ]
    },
    "3.0": {
        "paper": [
            0.9626666666666667,
            0.01206409751713177
        ],
        "baseline": [
            0.897,
            0.012343053277248247
        ]
    },
    "3.5": {
        "paper": [
            0.9317142857142857,
            0.012292715398449321
        ],
        "baseline": [
            0.788,
            0.012934581949017436
        ]
    },
    "4.0": {
        "paper": [
            0.89925,
            0.01219487517776503
        ],
        "baseline": [
            0.6145,
            0.013875354954660944
        ]
    }
}