{
    "0.5": {
        "paper": [
            1.0,
            0.01291660664244952
        ],
        "baseline": [
            1.0,
            0.012916606642449514
        ]
    },
    "1.0": {
        "paper": [
            1.0,
            0.012914790849216942
        ],
        "baseline": [
            0.996,
            0.012949540485798168
        ]
    },
    "1.5": {
        "paper": [
            0.996,
            0.01304189046175531
        ],
        "baseline": [
            0.9726666666666667,
            0.013193312294747359
        ]
    },
    "2.0": {
        "paper": [
            0.9645,
            0.01357280916299945
        ],
        "baseline": [
            0.8965,
            0.014048383614192046
        ]
    },
    "2.5": {
        "paper": [
            0.9284,
            0.013257651679660275
        ],
        "baseline": [
            0.7444,
            0.014608748606736617
        ]
    },
    "3.0": {
        "paper": [
            0.8583333333333333,
            0.013132012978729308
        ],
        "baseline": [
            0.5253333333333333,
            0.016173093592443063
        ]
    },
    "3.5": {
        "paper": [
            0.7685714285714286,
            0.013934123311615509
        ],
        "baseline": [
            0.24171428571428571,
            0.02603226343139289
        ]
    },
    "4.0": {
        "paper": [
            0.71275,
            0.014456234304453641
        ],
        "baseline": [
            -0.047,
            -0.07366313489960098
        ]
    }
}