{
    "0.5": {
        "paper": [
            1.0,
            0.01205005833343456
        ],
        "baseline": [
            1.0,
            0.012050058333434548
        ]
    },
    "1.0": {
        "paper": [
            1.0,
            0.012096991074677904
        ],
        "baseline": [
            1.0,
            0.012096991074677899
        ]
    },
    "1.5": {
        "paper": [
            0.9993333333333333,
            0.011756591914662086
        ],
        "baseline": [
            0.9986666666666667,
            0.011752974367084031
        ]
    },
    "2.0": {
        "paper": [
            0.9985,
            0.011833674623402107
        ],
        "baseline": [
            0.991,
            0.011874394481697852
        ]
    },
    "2.5": {
        "paper": [
            0.99,
            0.011961981202641787
        ],
        "baseline": [
            0.9648,
            0.012060935516820775
        ]
    },
    "3.0": {
        "paper": [
            0.9723333333333334,
            0.012410960809962058
        ],
        "baseline": [
            0.9046666666666666,
            0.012713719983588879
        ]
    },
    "3.5": {
        "paper": [
            0.9405714285714286,
            0.012068976043118322
        ],
        "baseline": [
            0.8051428571428572,
            0.012675351524295537
        ]
    },
    "4.0": {
        "paper": [
            0.90075,
            0.012429149282635124
        ],
        "baseline": [
            0.6485,
            0.013898482844393177
        ]
    }
}