{
    "0.5": {
        "paper": [
            1.0,
            0.012540632105786924
        ],
        "baseline": [
            1.0,
            0.012540632105786922
        ]
    },
    "1.0": {
        "paper": [
            1.0,
            0.013486855953537647
        ],
        "baseline": [
            0.997,
            0.013506010433676862
        ]
    },
    "1.5": {
        "paper": [
            0.9906666666666667,
            0.013301946383373321
        ],
        "baseline": [
            0.9766666666666667,
            0.013420497479861532
        ]
    },
    "2.0": {
        "paper": [
            0.977,
            0.01324423341931371
        ],
        "baseline": [
            0.909,
            0.013520854284380887
        ]
    },
    "2.5": {
        "paper": [
            0.9192,
            0.013374852228282883
        ],
        "baseline": [
            0.7796,
            0.014176482410965347
        ]
    },
    "3.0": {
        "paper": [
            0.847,
            0.014024160503418846
        ],
        "baseline": [
            0.549,
            0.016576921624619344
        ]
    },
    "3.5": {
        "paper": [
            0.7754285714285715,
            0.014033532879050502
        ],
        "baseline": [
            0.26171428571428573,
            0.02402432092976309
        ]
    },
    "4.0": {
        "paper": [
            0.7255,
            0.01451252396167576
        ],
        "baseline": [
            -0.0205,
            -0.16568406788832102
        ]
    }
}