{
    "1": {
        "paper": [
            1.0,
            0.013108910562862855
        ],
        "baseline": [
            0.999,
            0.013120579385849379
        ]
    },
    "2": {
        "paper": [
            0.997,
            0.012885803235479226
        ],
        "baseline": [
            0.976,
            0.012998056926958906
        ]
    },
    "3": {
        "paper": [
            0.9626666666666667,
            0.013048598852476485
        ],
        "baseline": [
            0.8696666666666667,
            0.013490271896096093
        ]
    },
    "4": {
        "paper": [
            0.8595,
            0.01313735144777972
        ],
        "baseline": [
            0.642,
            0.014552682456241726
        ]
    },
    "5": {
        "paper": [
            0.7452,
            0.013812501901484383
        ],
        "baseline": [
            0.3526,
            0.019434359919128175
        ]
    },
    "6": {
        "paper": [
            0.6861666666666667,
            0.0140353398998349
        ],
        "baseline": [
            0.08233333333333333,
            0.05046009102561573
        ]
    },
    "7": {
        "paper": [
            0.6497142857142857,
            0.01480123913845087
        ],
        "baseline": [
            -0.1367142857142857,
            -0.017552951278393816
        ]
    },
    "8": {
        "paper": [
            0.596625,
            0.015024302746326264
        ],
        "baseline": [
            -0.29325,
            -0.0027116425458799816
        ]
    },
    "9": {
        "paper": [
            0.5413333333333333,
            0.016059329266641446
        ],
        "baseline": [
            -0.41655555555555557,
            0.0011817941101190273
        ]
    },
    "10": {
        "paper": [
            0.4769,
            0.01698846110783666
        ],
        "baseline": [
            -0.5406,
            0.0036734714827412964
        ]
    },
    "11": {
        "paper": [
            0.3840909090909091,
            0.017574296932046506
        ],
        "baseline": [
            -0.7182727272727273,
            0.006775895337852973
        ]
    },
    "12": {
        "paper": [
            0.28491666666666665,
            0.018421066610068093
        ],
        "baseline": [
            -0.9626666666666667,
            0.009477708406405428
        ]
    }
}