{
    "2": {
        "paper": [
            1.0,
            0.011195931976740998
        ],
        "baseline": [
            0.9995,
            0.011197928790995501
        ]
    },
    "4": {
        "paper": [
            0.998,
            0.010881786000093605
        ],
        "baseline": [
            0.98525,
            0.0109216243149302
        ]
    },
    "6": {
        "paper": [
            0.9758333333333333,
            0.010963615296575559
        ],
        "baseline": [
            0.9156666666666666,
            0.011103136798018493
        ]
    },
    "8": {
        "paper": [
            0.906625,
            0.01125605927319622
        ],
        "baseline": [
            0.71625,
            0.011815048687105542
        ]
    },
    "12": {
        "paper": [
            0.7725833333333333,
            0.011613792570214602
        ],
        "baseline": [
            0.41433333333333333,
            0.013558584446447254
        ]
    },
    "14": {
        "paper": [
            0.6287857142857143,
            0.01180395223262766
        ],
        "baseline": [
            -0.008857142857142857,
            -0.16180824904857868
        ]
    },
    "16": {
        "paper": [
            0.564375,
            0.01188670158934272
        ],
        "baseline": [
            -0.384625,
            0.006520180635703726
        ]
    }
}