{
    "2": {
        "paper": [
            1.0,
            0.013013514057319871
        ],
        "baseline": [
            0.997,
            0.013019155119737717
        ]
    },
    "4": {
        "paper": [
            0.987,
            0.012785625618144277
        ],
        "baseline": [
            0.9325,
            0.01298784943799289
        ]
    },
    "6": {
        "paper": [
            0.8798333333333334,
            0.013833040117849292
        ],
        "baseline": [
            0.692,
            0.014950520631128068
        ]
    },
    "8": {
        "paper": [
            0.70925,
            0.013818351074648011
        ],
        "baseline": [
            0.345875,
            0.01789031680410613
        ]
    },
    "12": {
        "paper": [
            0.6293333333333333,
            0.014695798065735515
        ],
        "baseline": [
            0.17216666666666666,
            0.02620114045082723
        ]
    },
    "14": {
        "paper": [
            0.5738571428571428,
            0.01533678497301588
        ],
        "baseline": [
            -0.025642857142857144,
            -0.09457627739723089
        ]
    },
    "16": {
        "paper": [
            0.468125,
            0.015934822734087917
        ],
        "baseline": [
            -0.209875,
            0.0012470643210193589
        ]
    }
}