{
    "2": {
        "paper": [
            1.0,
            0.011927219961341745
        ],
        "baseline": [
            1.0,
            0.01192721996134176
        ]
    },
    "4": {
        "paper": [
            0.999,
            0.012010473691157056
        ],
        "baseline": [
            0.98525,
            0.01206372965645912
        ]
    },
    "6": {
        "paper": [
            0.978,
            0.012191532469095413
        ],
        "baseline": [
            0.9118333333333334,
            0.01252064371323658
        ]
    },
    "8": {
        "paper": [
            0.9005,
            0.012580294625549326
        ],
        "baseline": [
            0.737,
            0.013537752902915012
        ]
    },
    "12": {
        "paper": [
            0.7926666666666666,
            0.012834365183218047
        ],
        "baseline": [
            0.4706666666666667,
            0.015576729106617043
        ]
    },
    "14": {
        "paper": [
            0.6877142857142857,
            0.013477542229802403
        ],
        "baseline": [
            0.12414285714285714,
            0.03440949007943917
        ]
    },
    "16": {
        "paper": [
            0.6309375,
            0.013875380664057517
        ],
        "baseline": [
            -0.175625,
            -0.007905319085068115
        ]
    }
}