{
    "2": {
        "paper": [
            1.0,
            0.011473067370213075
        ],
        "baseline": [
            0.9995,
            0.011467625573123605
        ]
    },
    "4": {
        "paper": [
            0.998,
            0.01118934252469491
        ],
        "baseline": [
            0.9865,
            0.011240683164098415
        ]
    },
    "6": {
        "paper": [
            0.978,
            0.011353132255719812
        ],
        "baseline": [
            0.9205,
            0.011563852903209902
        ]
    },
    "8": {
        "paper": [
            0.904,
            0.011868523494829978
        ],
        "baseline": [
            0.730875,
            0.012730331499002812
        ]
    },
    "12": {
        "paper": [
            0.7810833333333334,
            0.012226055273468784
        ],
        "baseline": [
            0.43466666666666665,
            0.014908109654331697
        ]
    },
    "14": {
        "paper": [
            0.6616428571428571,
            0.012679233906993733
        ],
        "baseline": [
            0.049357142857142856,
            0.05613900200040831
        ]
    },
    "16": {
        "paper": [
            0.5996875,
            0.013020649682723642
        ],
        "baseline": [
            -0.295875,
            0.0018943834513754244
        ]
    }
}