{
    "10": {
        "paper": [
            0.6596,
            0.013260401298233538
        ],
        "baseline": [
            -1.2708,
            0.007323477868793118
        ]
    },
    "20": {
        "paper": [
            0.635,
            0.013501444951303699
        ],
        "baseline": [
            -0.5803,
            0.004979707420146597
        ]
    },
    "30": {
        "paper": [
            0.6071666666666666,
            0.01386591291974251
        ],
        "baseline": [
            -0.4765333333333333,
            0.004381313576863326
        ]
    },
    "40": {
        "paper": [
            0.5735,
            0.014220846540424936
        ],
        "baseline": [
            -0.4988,
            0.0045687867954307005
        ]
    },
    "50": {
        "paper": [
            0.5204,
            0.014653574018081681
        ],
        "baseline": [
            -0.558,
            0.005588844415269717
        ]
    },
    "60": {
        "paper": [
            0.4482,
            0.0154082617016663
        ],
        "baseline": [
            -0.638,
            0.006696996603617746
        ]
    },
    "70": {
        "paper": [
            0.3245,
            0.016172330982276908
        ],
        "baseline": [
            -0.7864857142857142,
            0.008815303845404934
        ]
    },
    "80": {
        "paper": [
            0.2105125,
            0.017093080477230953
        ],
        "baseline": [
            -0.975375,
            0.010653138022591218
        ]
    },
    "90": {
        "paper": [
            0.1575,
            0.017802665165895883
        ],
        "baseline": [
            -1.1556,
            0.01190849685310012
        ]
    }
}