{
    "2": {
        "paper": [
            0.4895,
            0.013679845913390349
        ],
        "baseline": [
            -35.4755,
            0.009568189269974521
        ]
    },
    "4": {
        "paper": [
            0.514,
            0.013680739195354329
        ],
        "baseline": [
            -17.58575,
            0.009519594819013258
        ]
    },
    "6": {
        "paper": [
            0.4845,
            0.013268565389278536
        ],
        "baseline": [
            -11.754833333333334,
            0.009498503272236397
        ]
    },
    "8": {
        "paper": [
            0.466,
            0.013899454459134574
        ],
        "baseline": [
            -8.926875,
            0.009432739474831562
        ]
    },
    "12": {
        "paper": [
            0.4534166666666667,
            0.01417140238427543
        ],
        "baseline": [
            -5.976833333333333,
            0.009369929530693339
        ]
    },
    "14": {
        "paper": [
            0.44085714285714284,
            0.014281432175906139
        ],
        "baseline": [
            -5.334428571428571,
            0.009394766857697716
        ]
    },
    "16": {
        "paper": [
            0.40825,
            0.014525994734812891
        ],
        "baseline": [
            -4.895875,
            0.009384300154137194
        ]
    },
    "18": {
        "paper": [
            0.37805555555555553,
            0.014516461874243968
        ],
        "baseline": [
            -4.603833333333333,
            0.009467128993808919
        ]
    },
    "20": {
        "paper": [
            0.3474,
            0.014868900184892592
        ],
        "baseline": [
            -4.41085,
            0.009565076402015543
        ]
    }
}