{
    "0.5": {
        "paper": [
            0.524,
            0.014336866629176385
        ],
        "baseline": [
            -29.324,
            0.00958438837258629
        ]
    },
    "1.0": {
        "paper": [
            0.506,
            0.015593055637137788
        ],
        "baseline": [
            -14.509,
            0.0094507371392529
        ]
    },
    "1.5": {
        "paper": [
            0.484,
            0.014821477386073546
        ],
        "baseline": [
            -9.684,
            0.009420554506766154
        ]
    },
    "2.0": {
        "paper": [
            0.485,
            0.01586680931589754
        ],
        "baseline": [
            -7.344,
            0.009323561576061061
        ]
    },
    "2.5": {
        "paper": [
            0.4532,
            0.015078140352407027
        ],
        "baseline": [
            -6.0016,
            0.009354499912929649
        ]
    },
    "3.0": {
        "paper": [
            0.43466666666666665,
            0.015705827751742125
        ],
        "baseline": [
            -5.174,
            0.009281025392088062
        ]
    },
    "3.5": {
        "paper": [
            0.4045714285714286,
            0.015404843024095631
        ],
        "baseline": [
            -4.6331428571428575,
            0.009411445068851436
        ]
    },
    "4.0": {
        "paper": [
            0.34775,
            0.015878962074571037
        ],
        "baseline": [
            -4.2815,
            0.00959403501614586
        ]
    },
    "4.5": {
        "paper": [
            0.30977777777777776,
            0.01651626890716088
        ],
        "baseline": [
            -4.086666666666667,
            0.009704851300973318
        ]
    }
}