{
    "2": {
        "paper": [
            1.0,
            0.012803037081053001
        ],
        "baseline": [
            0.998,
            0.012814476275258686
        ]
    },
    "4": {
        "paper": [
            0.97975,
            0.01252266892187103
        ],
        "baseline": [
            0.9075,
            0.01289801530298164
        ]
    },
    "6": {
        "paper": [
            0.8483333333333334,
            0.013076858579025161
        ],
        "baseline": [
            0.6501666666666667,
            0.014265900937489853
        ]
    },
    "8": {
        "paper": [
            0.6955,
            0.013886537027738672
        ],
        "baseline": [
            0.327875,
            0.018483164099117877
        ]
    },
    "12": {
        "paper": [
            0.6033333333333334,
            0.0141289449978487
        ],
        "baseline": [
            0.17716666666666667,
            0.024550014417748272
        ]
    },
    "14": {
        "paper": [
            0.5334285714285715,
            0.015468430113190011
        ],
        "baseline": [
            -0.004642857142857143,
            -0.6138838660794804
        ]
    },
    "16": {
        "paper": [
            0.4304375,
            0.01669928777026531
        ],
        "baseline": [
            -0.175125,
            -0.0042550914273177904
        ]
    },
    "18": {
        "paper": [
            0.2786111111111111,
            0.01665316293104214
        ],
        "baseline": [
            -0.42527777777777775,
            0.0087934625836367
        ]
    },
    "20": {
        "paper": [
            0.186,
            0.018060079946237973
        ],
        "baseline": [
            -0.6878,
            0.012033204310089553
        ]
    },
    "22": {
        "paper": [
            0.15877272727272726,
            0.018987942014131048
        ],
        "baseline": [
            -0.9048636363636363,
            0.01342531570180985
        ]
    },
    "24": {
        "paper": [
            0.15241666666666667,
            0.019200014541068695
        ],
        "baseline": [
            -1.0723333333333334,
            0.014187789696040128
        ]
    },
    "26": {
        "paper": [
            0.15123076923076922,
            0.019048818202932243
        ],
        "baseline": [
            -1.205576923076923,
            0.015034335563916538
        ]
    }
}