{
    "0.5": {
        "paper": [
            1.0,
            0.01318480514260548
        ],
        "baseline": [
            1.0,
            0.012554954147713375
        ]
    },
    "1.0": {
        "paper": [
            1.0,
            0.012448618057886012
        ],
        "baseline": [
            1.0,
            0.012645139512036472
        ]
    },
    "1.5": {
        "paper": [
            1.0,
            0.012391265237454426
        ],
        "baseline": [
            1.0,
            0.012582623986947584
        ]
    },
    "2.0": {
        "paper": [
            1.0,
            0.012803026135232449
        ],
        "baseline": [
            1.0,
            0.01295907906143615
        ]
    },
    "2.5": {
        "paper": [
            1.0,
            0.012856225506207042
        ],
        "baseline": [
            1.0,
            0.012911844736772576
        ]
    },
    "3.0": {
        "paper": [
            1.0,
            0.012642347926886871
        ],
        "baseline": [
            1.0,
            0.012959762131881717
        ]
    },
    "3.5": {
        "paper": [
            1.0,
            0.013141498043885818
        ],
        "baseline": [
            1.0,
            0.012828883393978592
        ]
    },
    "4.0": {
        "paper": [
            0.99975,
            0.012968048355053396
        ],
        "baseline": [
            0.99975,
            0.012868197444936388
        ]
    }
}