{
    "0.5": {
        "paper": [
            1.0,
            0.011043079138824363
        ],
        "baseline": [
            1.0,
            0.011020654023019523
        ]
    },
    "1.0": {
        "paper": [
            1.0,
            0.011172615225652442
        ],
        "baseline": [
            1.0,
            0.011503961560227764
        ]
    },
    "1.5": {
        "paper": [
            1.0,
            0.011745358696139789
        ],
        "baseline": [
            1.0,
            0.011410538321396064
        ]
    },
    "2.0": {
        "paper": [
            1.0,
            0.011776846025753056
        ],
        "baseline": [
            1.0,
            0.011429693787345704
        ]
    },
    "2.5": {
        "paper": [
            1.0,
            0.011156981321922726
        ],
        "baseline": [
            1.0,
            0.011585155078384084
        ]
    },
    "3.0": {
        "paper": [
            1.0,
            0.011612454879589909
        ],
        "baseline": [
            1.0,
            0.011176222624643354
        ]
    },
    "3.5": {
        "paper": [
            1.0,
            0.011599910805865065
        ],
        "baseline": [
            1.0,
            0.011459934586207409
        ]
    },
    "4.0": {
        "paper": [
            1.0,
            0.01180226389758347
        ],
        "baseline": [
            1.0,
            0.01147782610101071
        ]
    }
}