{
    "2": {
        "paper": [
            1.0,
            0.013026681090082457
        ],
        "baseline": [
            1.0,
            0.012734624414218425
        ]
    },
    "4": {
        "paper": [
            1.0,
            0.01299093114667811
        ],
        "baseline": [
            1.0,
            0.01257797265029125
        ]
    },
    "6": {
        "paper": [
            1.0,
            0.01308112422939843
        ],
        "baseline": [
            1.0,
            0.01311554891894473
        ]
    },
    "8": {
        "paper": [
            1.0,
            0.012941135171432786
        ],
        "baseline": [
            0.999875,
            0.013300758214932894
        ]
    },
    "12": {
        "paper": [
            0.9989166666666667,
            0.013317671545916388
        ],
        "baseline": [
            0.99775,
            0.013048118746736281
        ]
    },
    "14": {
        "paper": [
            0.994,
            0.013156933293055673
        ],
        "baseline": [
            0.9898571428571429,
            0.013202409925127957
        ]
    },
    "16": {
        "paper": [
            0.9696875,
            0.013027116538997949
        ],
        "baseline": [
            0.9575625,
            0.013192320903669027
        ]
    }
}