{
    "2": {
        "paper": [
            1.0,
            0.01293787659365258
        ],
        "baseline": [
            1.0,
            0.012883986705402608
        ]
    },
    "4": {
        "paper": [
            1.0,
            0.01266194091447331
        ],
        "baseline": [
            1.0,
            0.012785498313251552
        ]
    },
    "6": {
        "paper": [
            1.0,
            0.012916790737077697
        ],
        "baseline": [
            1.0,
            0.012846493840515508
        ]
    },
    "8": {
        "paper": [
            1.0,
            0.012783613476592277
        ],
        "baseline": [
            1.0,
            0.012615640358439503
        ]
    },
    "12": {
        "paper": [
            1.0,
            0.012608426306656258
        ],
        "baseline": [
            1.0,
            0.012835131119432562
        ]
    },
    "14": {
        "paper": [
            1.0,
            0.01293506554452998
        ],
        "baseline": [
            1.0,
            0.012717558987974924
        ]
    },
    "16": {
        "paper": [
            1.0,
            0.012762103110975573
        ],
        "baseline": [
            0.9999375,
            0.012576519264851812
        ]
    }
}