{
    "0.5": {
        "paper": [
            1.0,
            0.012511669153713165
        ],
        "baseline": [
            1.0,
            0.0132559847859767
        ]
    },
    "1.0": {
        "paper": [
            1.0,
            0.012516531724396325
        ],
        "baseline": [
            1.0,
            0.012570755973453638
        ]
    },
    "1.5": {
        "paper": [
            1.0,
            0.012684266162177736
        ],
        "baseline": [
            1.0,
            0.012620319556068049
        ]
    },
    "2.0": {
        "paper": [
            1.0,
            0.012588860182886125
        ],
        "baseline": [
            1.0,
            0.012773803390938573
        ]
    },
    "2.5": {
        "paper": [
            1.0,
            0.012286958700995065
        ],
        "baseline": [
            1.0,
            0.012876199234467776
        ]
    },
    "3.0": {
        "paper": [
            1.0,
            0.013257725607192872
        ],
        "baseline": [
            1.0,
            0.012048384757640354
        ]
    },
    "3.5": {
        "paper": [
            1.0,
            0.012697564327666772
        ],
        "baseline": [
            1.0,
            0.01252909702519345
        ]
    },
    "4.0": {
        "paper": [
            1.0,
            0.012571033806111707
        ],
        "baseline": [
            1.0,
            0.012403058561050142
        ]
    }
}