{
    "0.5": {
        "paper": [
            1.0,
            0.01190876209959546
        ],
        "baseline": [
            1.0,
            0.011908762099595453
        ]
    },
    "1.0": {
        "paper": [
            1.0,
            0.012234138541315309
        ],
        "baseline": [
            1.0,
            0.01223413854131531
        ]
    },
    "1.5": {
        "paper": [
            1.0,
            0.012171063271118655
        ],
        "baseline": [
            1.0,
            0.01217106327111868
        ]
    },
    "2.0": {
        "paper": [
            1.0,
            0.012554373249860681
        ],
        "baseline": [
            0.999,
            0.012553583953406663
        ]
    },
    "2.5": {
        "paper": [
            0.9992,
            0.012863948712215375
        ],
        "baseline": [
            0.9944,
            0.012877442800462687
        ]
    },
    "3.0": {
        "paper": [
            0.9946666666666667,
            0.01204862008380369
        ],
        "baseline": [
            0.9793333333333333,
            0.012118470518527798
        ]
    },
    "3.5": {
        "paper": [
            0.9891428571428571,
            0.012212974984231616
        ],
        "baseline": [
            0.9548571428571428,
            0.012409232916220158
        ]
    },
    "4.0": {
        "paper": [
            0.9795,
            0.012742033148919371
        ],
        "baseline": [
            0.91025,
            0.0131704214771417
        ]
    }
}