{
    "0.5": {
        "paper": [
            1.0,
            0.012780888200302692
        ],
        "baseline": [
            1.0,
            0.012780888200302706
        ]
    },
    "1.0": {
        "paper": [
            1.0,
            0.011986179006193172
        ],
        "baseline": [
            1.0,
            0.01198617900619315
        ]
    },
    "1.5": {
        "paper": [
            1.0,
            0.011843733584189022
        ],
        "baseline": [
            0.9986666666666667,
            0.011853299229801238
        ]
    },
    "2.0": {
        "paper": [
            1.0,
            0.011554010657377213
        ],
        "baseline": [
            0.997,
            0.01157761798808307
        ]
    },
    "2.5": {
        "paper": [
            0.9972,
            0.012272412011521709
        ],
        "baseline": [
            0.9932,
            0.012295316425474429
        ]
    },
    "3.0": {
        "paper": [
            0.993,
            0.012212351923736667
        ],
        "baseline": [
            0.9793333333333333,
            0.012276642121296578
        ]
    },
    "3.5": {
        "paper": [
            0.9837142857142858,
            0.012062113998369994
        ],
        "baseline": [
            0.9557142857142857,
            0.012234017269684984
        ]
    },
    "4.0": {
        "paper": [
            0.9705,
            0.012058756792598513
        ],
        "baseline": [
            0.91325,
            0.012400965172492364
        ]
    }
}