{
    "0.5": {
        "paper": [
            1.0,
            0.010741847866576221
        ],
        "baseline": [
            1.0,
            0.011199589418646861
        ]
    },
    "1.0": {
        "paper": [
            1.0,
            0.011474923741744103
        ],
        "baseline": [
            1.0,
            0.011400903771714117
        ]
    },
    "1.5": {
        "paper": [
            1.0,
            0.011115349589689455
        ],
        "baseline": [
            1.0,
            0.011648673846719446
        ]
    },
    "2.0": {
        "paper": [
            1.0,
            0.011711152462576313
        ],
        "baseline": [
            1.0,
            0.01104706976657372
        ]
    },
    "2.5": {
        "paper": [
            1.0,
            0.010983301463551387
        ],
        "baseline": [
            1.0,
            0.01148279000078044
        ]
    },
    "3.0": {
        "paper": [
            1.0,
            0.011357624097591008
        ],
        "baseline": [
            1.0,
            0.011283789622118129
        ]
    },
    "3.5": {
        "paper": [
            0.9997142857142857,
            0.011578126531164124
        ],
        "baseline": [
            0.9994285714285714,
            0.0115781108642446
        ]
    },
    "4.0": {
        "paper": [
            0.99825,
            0.01147327541032031
        ],
        "baseline": [
            0.9985,
            0.011452351266771485
        ]
    }
}