{
    "0.5": {
        "paper": [
            1.0,
            0.012380913825411751
        ],
        "baseline": [
            1.0,
            0.012380913825411753
        ]
    },
    "1.0": {
        "paper": [
            1.0,
            0.012080958585316041
        ],
        "baseline": [
            1.0,
            0.012080958585316052
        ]
    },
    "1.5": {
        "paper": [
            1.0,
            0.012681523598520483
        ],
        "baseline": [
            0.998,
            0.012698233003079974
        ]
    },
    "2.0": {
        "paper": [
            0.9955,
            0.012542719843487999
        ],
        "baseline": [
            0.9855,
            0.012602579021410163
        ]
    },
    "2.5": {
        "paper": [
            0.982,
            0.01242753169418469
        ],
        "baseline": [
            0.9536,
            0.012581157775833953
        ]
    },
    "3.0": {
        "paper": [
            0.96,
            0.012492870389237362
        ],
        "baseline": [
            0.883,
            0.012970058013199448
        ]
    },
    "3.5": {
        "paper": [
            0.9294285714285714,
            0.012448529587429381
        ],
        "baseline": [
            0.764,
            0.013583997715679853
        ]
    },
    "4.0": {
        "paper": [
            0.88925,
            0.013080955245894275
        ],
        "baseline": [
            0.60375,
            0.015763013995264585
        ]
    }
}