{
    "1": {
        "paper": [
            1.0,
            0.01297896393629553
        ],
        "baseline": [
            1.0,
            0.012978963936295508
        ]
    },
    "2": {
        "paper": [
            1.0,
            0.01291926801715741
        ],
        "baseline": [
            1.0,
            0.012919268017157426
        ]
    },
    "3": {
        "paper": [
            0.9993333333333333,
            0.012826818192612183
        ],
        "baseline": [
            1.0,
            0.012820990786598546
        ]
    },
    "4": {
        "paper": [
            0.99675,
            0.01348751474634658
        ],
        "baseline": [
            0.99275,
            0.013508193552143957
        ]
    },
    "5": {
        "paper": [
            0.9938,
            0.013232557124128321
        ],
        "baseline": [
            0.9712,
            0.013343857677454864
        ]
    },
    "6": {
        "paper": [
            0.9755,
            0.01307498779570653
        ],
        "baseline": [
            0.9223333333333333,
            0.013339961870798868
        ]
    },
    "7": {
        "paper": [
            0.9474285714285714,
            0.013267892374037152
        ],
        "baseline": [
            0.8337142857142857,
            0.01383310101344881
        ]
    },
    "8": {
        "paper": [
            0.90375,
            0.013557890699943962
        ],
        "baseline": [
            0.69025,
            0.015001061048799799
        ]
    },
    "9": {
        "paper": [
            0.8646666666666667,
            0.013733742077229863
        ],
        "baseline": [
            0.5008888888888889,
            0.017263088006300626
        ]
    },
    "10": {
        "paper": [
            0.8127,
            0.014134691474779769
        ],
        "baseline": [
            0.2584,
            0.024941980393133625
        ]
    },
    "11": {
        "paper": [
            0.7716363636363637,
            0.014179347402265117
        ],
        "baseline": [
            -0.01709090909090909,
            -0.20858826625155583
        ]
    },
    "12": {
        "paper": [
            0.7275833333333334,
            0.014291842319125897
        ],
        "baseline": [
            -0.3145,
            -0.0017820718613322047
        ]
    }
}