{
    "2": {
        "paper": [
            1.0,
            0.01236406146558493
        ],
        "baseline": [
            1.0,
            0.012755658348707797
        ]
    },
    "4": {
        "paper": [
            1.0,
            0.012393622427974583
        ],
        "baseline": [
            1.0,
            0.012705939945442616
        ]
    },
    "6": {
        "paper": [
            1.0,
            0.012417970486117643
        ],
        "baseline": [
            1.0,
            0.012397866044958834
        ]
    },
    "8": {
        "paper": [
            0.99925,
            0.012532165170265605
        ],
        "baseline": [
            0.99925,
            0.012517279126406447
        ]
    },
    "12": {
        "paper": [
            0.99775,
            0.012515000687367966
        ],
        "baseline": [
            0.9935,
            0.012358796452531507
        ]
    },
    "14": {
        "paper": [
            0.9875714285714285,
            0.01266411996713221
        ],
        "baseline": [
            0.9680714285714286,
            0.012627438853927437
        ]
    },
    "16": {
        "paper": [
            0.956375,
            0.012721308504194433
        ],
        "baseline": [
            0.9075,
            0.012580878851073566
        ]
    }
}