{
    "2": {
        "paper": [
            1.0,
            0.012547839717048091
        ],
        "baseline": [
            1.0,
            0.012547839717048103
        ]
    },
    "4": {
        "paper": [
            0.9995,
            0.011839680388019727
        ],
        "baseline": [
            0.9985,
            0.011841441452627121
        ]
    },
    "6": {
        "paper": [
            0.9971666666666666,
            0.011933604765955723
        ],
        "baseline": [
            0.9871666666666666,
            0.011995273578595006
        ]
    },
    "8": {
        "paper": [
            0.98175,
            0.012135901821348185
        ],
        "baseline": [
            0.946875,
            0.01231299419030442
        ]
    },
    "12": {
        "paper": [
            0.9468333333333333,
            0.012262489786706817
        ],
        "baseline": [
            0.83425,
            0.012798307553314358
        ]
    },
    "14": {
        "paper": [
            0.8672857142857143,
            0.012510114520416723
        ],
        "baseline": [
            0.5998571428571429,
            0.014193158296766244
        ]
    },
    "16": {
        "paper": [
            0.766125,
            0.01288423836270284
        ],
        "baseline": [
            0.2839375,
            0.01978229722003774
        ]
    }
}