{
    "2": {
        "paper": [
            1.0,
            0.011608400984701556
        ],
        "baseline": [
            1.0,
            0.011608400984701554
        ]
    },
    "4": {
        "paper": [
            1.0,
            0.012151352433197605
        ],
        "baseline": [
            0.99775,
            0.012169211322065434
        ]
    },
    "6": {
        "paper": [
            0.9966666666666667,
            0.012255295928921824
        ],
        "baseline": [
            0.9848333333333333,
            0.012319143639285126
        ]
    },
    "8": {
        "paper": [
            0.983875,
            0.012318691173127075
        ],
        "baseline": [
            0.944875,
            0.012464867953732915
        ]
    },
    "12": {
        "paper": [
            0.9455,
            0.012425605373303018
        ],
        "baseline": [
            0.8418333333333333,
            0.012786753920070414
        ]
    },
    "14": {
        "paper": [
            0.8716428571428572,
            0.012829478615569113
        ],
        "baseline": [
            0.6155,
            0.01436936584767397
        ]
    },
    "16": {
        "paper": [
            0.774625,
            0.013173293964128367
        ],
        "baseline": [
            0.300375,
            0.01923927795936085
        ]
    }
}