{
    "2": {
        "paper": [
            1.0,
            0.011622267850939873
        ],
        "baseline": [
            1.0,
            0.012227020786742758
        ]
    },
    "4": {
        "paper": [
            1.0,
            0.011810562666627208
        ],
        "baseline": [
            1.0,
            0.011593990083734646
        ]
    },
    "6": {
        "paper": [
            1.0,
            0.011762800662037047
        ],
        "baseline": [
            1.0,
            0.012034946437890253
        ]
    },
    "8": {
        "paper": [
            1.0,
            0.011943043016258221
        ],
        "baseline": [
            1.0,
            0.01176940683829459
        ]
    },
    "12": {
        "paper": [
            1.0,
            0.011750110462277034
        ],
        "baseline": [
            1.0,
            0.011973424515204431
        ]
    },
    "14": {
        "paper": [
            1.0,
            0.01205681512625963
        ],
        "baseline": [
            1.0,
            0.011923441172326006
        ]
    },
    "16": {
        "paper": [
            1.0,
            0.011805546766494006
        ],
        "baseline": [
            1.0,
            0.012097349516601375
        ]
    }
}