{
    "2": {
        "paper": [
            1.0,
            0.011941660319806155
        ],
        "baseline": [
            1.0,
            0.01194166031980615
        ]
    },
    "4": {
        "paper": [
            1.0,
            0.011932968184907319
        ],
        "baseline": [
            0.99875,
            0.011938935103207095
        ]
    },
    "6": {
        "paper": [
            0.9961666666666666,
            0.01181880947192217
        ],
        "baseline": [
            0.9841666666666666,
            0.011867092267484756
        ]
    },
    "8": {
        "paper": [
            0.98075,
            0.011964910583059388
        ],
        "baseline": [
            0.933875,
            0.012111803095476261
        ]
    },
    "12": {
        "paper": [
            0.9364166666666667,
            0.012359114104731825
        ],
        "baseline": [
            0.816,
            0.01292638804451812
        ]
    },
    "14": {
        "paper": [
            0.8507857142857143,
            0.01267089605160031
        ],
        "baseline": [
            0.5728571428571428,
            0.014636576002450444
        ]
    },
    "16": {
        "paper": [
            0.7618125,
            0.012862302453924172
        ],
        "baseline": [
            0.25975,
            0.021081957681751088
        ]
    }
}