{
    "2": {
        "paper": [
            1.0,
            0.011287737143061851
        ],
        "baseline": [
            0.997,
            0.011290865793706516
        ]
    },
    "4": {
        "paper": [
            0.99,
            0.011290725330083667
        ],
        "baseline": [
            0.92025,
            0.011556372015812423
        ]
    },
    "6": {
        "paper": [
            0.8523333333333334,
            0.01202971884384895
        ],
        "baseline": [
            0.6236666666666667,
            0.013032298810835393
        ]
    },
    "8": {
        "paper": [
            0.649,
            0.012435720462884657
        ],
        "baseline": [
            0.207375,
            0.018926861830895234
        ]
    },
    "12": {
        "paper": [
            0.5483333333333333,
            0.012648633889128628
        ],
        "baseline": [
            -0.0008333333333333334,
            -1.6127023749784513
        ]
    },
    "14": {
        "paper": [
            0.4775714285714286,
            0.013411077620259042
        ],
        "baseline": [
            -0.24135714285714285,
            0.004134485189504562
        ]
    },
    "16": {
        "paper": [
            0.349875,
            0.014180840438859477
        ],
        "baseline": [
            -0.4345625,
            0.008027706040992963
        ]
    }
}