{
    "2": {
        "paper": [
            1.0,
            0.010815577268974587
        ],
        "baseline": [
            0.9945,
            0.010816792545333674
        ]
    },
    "4": {
        "paper": [
            0.98,
            0.010911914652487099
        ],
        "baseline": [
            0.89325,
            0.011042985508954273
        ]
    },
    "6": {
        "paper": [
            0.8265,
            0.01108009753221558
        ],
        "baseline": [
            0.5731666666666667,
            0.011337075567743436
        ]
    },
    "8": {
        "paper": [
            0.612,
            0.011267531790172373
        ],
        "baseline": [
            0.1475,
            0.01512153054297133
        ]
    },
    "12": {
        "paper": [
            0.5136666666666667,
            0.011787966222589869
        ],
        "baseline": [
            -0.048916666666666664,
            -0.005578095970263807
        ]
    },
    "14": {
        "paper": [
            0.4235714285714286,
            0.012433518490025698
        ],
        "baseline": [
            -0.2958571428571429,
            0.0074220191487175055
        ]
    },
    "16": {
        "paper": [
            0.2973125,
            0.013279994057294566
        ],
        "baseline": [
            -0.4750625,
            0.00907974024644665
        ]
    }
}