{
    "10": {
        "paper": [
            0.127,
            0.01659115743083361
        ],
        "baseline": [
            -2.156,
            0.010298624216180888
        ]
    },
    "20": {
        "paper": [
            0.0979,
            0.017511927226642774
        ],
        "baseline": [
            -0.89935,
            0.01091450039636698
        ]
    },
    "30": {
        "paper": [
            0.09093333333333334,
            0.01801285652769948
        ],
        "baseline": [
            -0.5459,
            0.012357499040154618
        ]
    },
    "40": {
        "paper": [
            0.090725,
            0.017765284423694235
        ],
        "baseline": [
            -0.4012,
            0.014268633732736378
        ]
    },
    "50": {
        "paper": [
            0.0876,
            0.01791864246437538
        ],
        "baseline": [
            -0.32704,
            0.016094928891102343
        ]
    },
    "60": {
        "paper": [
            0.08063333333333333,
            0.018921662119883678
        ],
        "baseline": [
            -0.2783833333333333,
            0.017793592315010584
        ]
    },
    "70": {
        "paper": [
            0.07378571428571429,
            0.0187772532006825
        ],
        "baseline": [
            -0.24332857142857142,
            0.01988621457995631
        ]
    },
    "80": {
        "paper": [
            0.0427625,
            0.01862308742170195
        ],
        "baseline": [
            -0.213525,
            0.02160416831208064
        ]
    },
    "90": {
        "paper": [
            0.016755555555555555,
            0.01846777487480085
        ],
        "baseline": [
            -0.18644444444444444,
            0.023822588024045684
        ]
    }
}