{
    "0.5": {
        "paper": [
            0.318,
            0.014872625947923422
        ],
        "baseline": [
            -45.208,
            0.010244049062812111
        ]
    },
    "1.0": {
        "paper": [
            0.295,
            0.015826661808613564
        ],
        "baseline": [
            -22.508,
            0.010274443208348655
        ]
    },
    "1.5": {
        "paper": [
            0.3006666666666667,
            0.016437108017610072
        ],
        "baseline": [
            -15.058666666666667,
            0.010307247808851094
        ]
    },
    "2.0": {
        "paper": [
            0.253,
            0.016112517067080407
        ],
        "baseline": [
            -11.4425,
            0.010325701375787769
        ]
    },
    "2.5": {
        "paper": [
            0.2452,
            0.016714971070639503
        ],
        "baseline": [
            -9.3692,
            0.010414813663888547
        ]
    },
    "3.0": {
        "paper": [
            0.22533333333333333,
            0.0172187474810869
        ],
        "baseline": [
            -8.056333333333333,
            0.010609180075957115
        ]
    },
    "3.5": {
        "paper": [
            0.21342857142857144,
            0.01630033488642826
        ],
        "baseline": [
            -7.186,
            0.010806424800809058
        ]
    },
    "4.0": {
        "paper": [
            0.20875,
            0.016290813474227752
        ],
        "baseline": [
            -6.59375,
            0.011050344786752753
        ]
    },
    "4.5": {
        "paper": [
            0.1948888888888889,
            0.0165786426031014
        ],
        "baseline": [
            -6.189777777777778,
            0.011222825325172091
        ]
    }
}