{
    "2": {
        "paper": [
            1.0,
            485.45
        ],
        "baseline": [
            1.0,
            485.45
        ]
    },
    "4": {
        "paper": [
            1.0,
            508.35
        ],
        "baseline": [
            1.0,
            508.35
        ]
    },
    "6": {
        "paper": [
            1.0,
            504.53333333333336
        ],
        "baseline": [
            1.0,
            504.53333333333336
        ]
    },
    "8": {
        "paper": [
            1.0,
            468.025
        ],
        "baseline": [
            1.0,
            468.025
        ]
    },
    "12": {
        "paper": [
            1.0,
            506.94166666666666
        ],
        "baseline": [
            1.0,
            506.94166666666666
        ]
    }
}