{
    "2": {
        "paper": [
            1.0,
            15599.080405546872
        ],
        "baseline": [
            1.0,
            15599.080405546872
        ]
    },
    "4": {
        "paper": [
            1.0,
            46423.47259231774
        ],
        "baseline": [
            0.5275,
            24290.616170729172
        ]
    },
    "6": {
        "paper": [
            1.0,
            92294.4991415104
        ],
        "baseline": [
            0.5215833333333333,
            47787.16512208337
        ]
    },
    "8": {
        "paper": [
            1.0,
            153054.0492163546
        ],
        "baseline": [
            0.60055,
            91434.03661442737
        ]
    },
    "12": {
        "paper": [
            1.0,
            244594.41907231743
        ],
        "baseline": [
            0.687375,
            167582.00778291596
        ]
    }
}