{
    "2": {
        "paper": [
            1.0,
            0.013090587558150306
        ],
        "baseline": [
            1.0,
            0.013090587558150324
        ]
    },
    "4": {
        "paper": [
            1.0,
            0.013301144519170928
        ],
        "baseline": [
            0.999,
            0.013309231458730704
        ]
    },
    "6": {
        "paper": [
            0.9983333333333333,
            0.012737688752052185
        ],
        "baseline": [
            0.9908333333333333,
            0.01277656283978159
        ]
    },
    "8": {
        "paper": [
            0.985375,
            0.013085772775770535
        ],
        "baseline": [
            0.954,
            0.013255511105853513
        ]
    },
    "12": {
        "paper": [
            0.9544166666666667,
            0.013117204232448448
        ],
        "baseline": [
            0.8600833333333333,
            0.013567750303304791
        ]
    },
    "14": {
        "paper": [
            0.8784285714285714,
            0.013175974901093096
        ],
        "baseline": [
            0.6572142857142858,
            0.014434454591593005
        ]
    },
    "16": {
        "paper": [
            0.7976875,
            0.01364060703969157
        ],
        "baseline": [
            0.367375,
            0.01831345960257981
        ]
    },
    "18": {
        "paper": [
            0.7197777777777777,
            0.014002829069770038
        ],
        "baseline": [
            0.03277777777777778,
            0.1009589398118159
        ]
    },
    "20": {
        "paper": [
            0.6802,
            0.014301927058896612
        ],
        "baseline": [
            -0.29955,
            -0.0001276156554979413
        ]
    },
    "22": {
        "paper": [
            0.6476363636363637,
            0.014418171490487325
        ],
        "baseline": [
            -0.5964090909090909,
            0.005144163456003248
        ]
    },
    "24": {
        "paper": [
            0.63875,
            0.014314772929693798
        ],
        "baseline": [
            -0.849875,
            0.006839063018605827
        ]
    },
    "26": {
        "paper": [
            0.6095,
            0.014991395600772091
        ],
        "baseline": [
            -1.0653076923076923,
            0.0072712602442737435
        ]
    }
}