{
    "2": {
        "paper": [
            1.0,
            495.2485
        ],
        "baseline": [
            1.0,
            495.2485
        ]
    },
    "4": {
        "paper": [
            1.0,
            500.23675
        ],
        "baseline": [
            1.0,
            500.23675
        ]
    },
    "6": {
        "paper": [
            1.0,
            502.78433333333334
        ],
        "baseline": [
            0.9971666666666666,
            501.5536666666667
        ]
    },
    "8": {
        "paper": [
            1.0,
            505.3035
        ],
        "baseline": [
            0.98475,
            498.551625
        ]
    },
    "12": {
        "paper": [
            1.0,
            504.6870833333333
        ],
        "baseline": [
            0.94875,
            479.15908333333334
        ]
    }
}