{
    "2": {
        "paper": [
            1.0,
            7.759144686770817
        ],
        "baseline": [
            1.0,
            7.759144686770817
        ]
    },
    "4": {
        "paper": [
            1.0,
            7.692927927703997
        ],
        "baseline": [
            0.5216666666666666,
            7.583484190653305
        ]
    },
    "6": {
        "paper": [
            0.7608333333333334,
            7.624777025807792
        ],
        "baseline": [
            0.51375,
            7.630574082674383
        ]
    },
    "8": {
        "paper": [
            0.70825,
            7.683263598502426
        ],
        "baseline": [
            0.5943,
            7.716539942632122
        ]
    },
    "12": {
        "paper": [
            0.7464375,
            7.700442671365212
        ],
        "baseline": [
            0.6824375,
            7.679475852459744
        ]
    },
    "14": {
        "paper": [
            0.7790869565217391,
            7.70849049813864
        ],
        "baseline": [
            0.7392173913043478,
            7.71145871097199
        ]
    }
}