{
    "0.5": {
        "paper": [
            1.0,
            7.663023625885417
        ],
        "baseline": [
            1.0,
            7.663023625885417
        ]
    },
    "1.0": {
        "paper": [
            1.0,
            7.857100334878472
        ],
        "baseline": [
            0.9993333333333333,
            7.85923250097287
        ]
    },
    "1.5": {
        "paper": [
            0.9996666666666667,
            7.938977223353949
        ],
        "baseline": [
            0.6026666666666667,
            7.989493264873118
        ]
    },
    "2.0": {
        "paper": [
            0.7616,
            7.981969354593365
        ],
        "baseline": [
            0.3224,
            8.288388060380452
        ]
    },
    "2.5": {
        "paper": [
            0.5482666666666667,
            8.1423456275649
        ],
        "baseline": [
            0.31,
            8.050555301232185
        ]
    },
    "3.0": {
        "paper": [
            0.5071428571428571,
            8.029580620500829
        ],
        "baseline": [
            0.3595238095238095,
            8.057224156229418
        ]
    },
    "3.5": {
        "paper": [
            0.5196428571428572,
            8.062274399817495
        ],
        "baseline": [
            0.41928571428571426,
            8.063203783548095
        ]
    }
}