{
    "0.5": {
        "paper": [
            1.0,
            499.598
        ],
        "baseline": [
            1.0,
            499.598
        ]
    },
    "1.0": {
        "paper": [
            1.0,
            499.854
        ],
        "baseline": [
            1.0,
            499.854
        ]
    },
    "1.5": {
        "paper": [
            1.0,
            504.67333333333335
        ],
        "baseline": [
            0.9986666666666667,
            503.822
        ]
    },
    "2.0": {
        "paper": [
            1.0,
            507.9425
        ],
        "baseline": [
            0.981,
            496.6835
        ]
    },
    "2.5": {
        "paper": [
            1.0,
            509.6076
        ],
        "baseline": [
            0.9408,
            479.3108
        ]
    },
    "3.0": {
        "paper": [
            1.0,
            507.042
        ],
        "baseline": [
            0.8736666666666667,
            442.407
        ]
    }
}