{
    "0.5": {
        "paper": [
            1.0,
            3362.7860238541675
        ],
        "baseline": [
            1.0,
            3362.7860238541675
        ]
    },
    "1.0": {
        "paper": [
            1.0,
            10293.7650382552
        ],
        "baseline": [
            0.9993333333333333,
            10289.2236954427
        ]
    },
    "1.5": {
        "paper": [
            1.0,
            20535.26178143231
        ],
        "baseline": [
            0.596,
            11989.777041848967
        ]
    },
    "2.0": {
        "paper": [
            1.0,
            34370.989341302135
        ],
        "baseline": [
            0.3246,
            11047.00722942705
        ]
    },
    "2.5": {
        "paper": [
            1.0,
            51644.41420125
        ],
        "baseline": [
            0.3154666666666667,
            16084.139735312434
        ]
    },
    "3.0": {
        "paper": [
            1.0,
            72417.50433997391
        ],
        "baseline": [
            0.36314285714285716,
            26296.73451067706
        ]
    }
}