{
    "0.5": {
        "paper": [
            1.0,
            0.012866055579994417
        ],
        "baseline": [
            1.0,
            0.011919549993541839
        ]
    },
    "1.0": {
        "paper": [
            1.0,
            0.01209428820218465
        ],
        "baseline": [
            1.0,
            0.012160131720234451
        ]
    },
    "1.5": {
        "paper": [
            1.0,
            0.011798216980526173
        ],
        "baseline": [
            1.0,
            0.012258787658749931
        ]
    },
    "2.0": {
        "paper": [
            1.0,
            0.0122474185778124
        ],
        "baseline": [
            1.0,
            0.012209802125114924
        ]
    },
    "2.5": {
        "paper": [
            1.0,
            0.012178038089208833
        ],
        "baseline": [
            1.0,
            0.012360119343116547
        ]
    },
    "3.0": {
        "paper": [
            1.0,
            0.012612850335138053
        ],
        "baseline": [
            1.0,
            0.012174573777887552
        ]
    },
    "3.5": {
        "paper": [
            1.0,
            0.012410115283365396
        ],
        "baseline": [
            1.0,
            0.012455671546149568
        ]
    },
    "4.0": {
        "paper": [
            1.0,
            0.0122445116681285
        ],
        "baseline": [
            0.99975,
            0.012191072192661521
        ]
    }
}