{
    "0.5": {
        "paper": [
            1.0,
            0.01189733449493236
        ],
        "baseline": [
            1.0,
            0.011408800188553957
        ]
    },
    "1.0": {
        "paper": [
            1.0,
            0.011719373832019158
        ],
        "baseline": [
            1.0,
            0.011853641235338247
        ]
    },
    "1.5": {
        "paper": [
            1.0,
            0.011701909235110648
        ],
        "baseline": [
            1.0,
            0.011173434225550257
        ]
    },
    "2.0": {
        "paper": [
            1.0,
            0.011229986121072693
        ],
        "baseline": [
            1.0,
            0.01180581733914459
        ]
    },
    "2.5": {
        "paper": [
            1.0,
            0.011208565524798559
        ],
        "baseline": [
            1.0,
            0.011670224147171494
        ]
    },
    "3.0": {
        "paper": [
            0.9993333333333333,
            0.011698781276741605
        ],
        "baseline": [
            0.9996666666666667,
            0.011907354637073885
        ]
    },
    "3.5": {
        "paper": [
            0.9994285714285714,
            0.011744867200618419
        ],
        "baseline": [
            0.9994285714285714,
            0.011845437466462697
        ]
    },
    "4.0": {
        "paper": [
            0.99825,
            0.011668773370023635
        ],
        "baseline": [
            0.9985,
            0.011741889417850792
        ]
    }
}