{
    "0.5": {
        "paper": [
            1.0,
            0.011879115542514947
        ],
        "baseline": [
            1.0,
            0.011958621136301303
        ]
    },
    "1.0": {
        "paper": [
            1.0,
            0.01057316918789514
        ],
        "baseline": [
            1.0,
            0.01237112316031589
        ]
    },
    "1.5": {
        "paper": [
            1.0,
            0.012423820520171071
        ],
        "baseline": [
            1.0,
            0.01201412006131511
        ]
    },
    "2.0": {
        "paper": [
            1.0,
            0.011836704005161066
        ],
        "baseline": [
            1.0,
            0.011864784091685362
        ]
    },
    "2.5": {
        "paper": [
            1.0,
            0.011803657146941673
        ],
        "baseline": [
            1.0,
            0.01195798463439488
        ]
    },
    "3.0": {
        "paper": [
            1.0,
            0.011924064893765325
        ],
        "baseline": [
            1.0,
            0.011986845952430308
        ]
    },
    "3.5": {
        "paper": [
            1.0,
            0.012040939183734374
        ],
        "baseline": [
            1.0,
            0.012148243727906625
        ]
    },
    "4.0": {
        "paper": [
            1.0,
            0.012004810818999631
        ],
        "baseline": [
            1.0,
            0.012029643116086574
        ]
    }
}