{
    "0.5": {
        "paper": [
            1.0,
            0.012027194289782356
        ],
        "baseline": [
            1.0,
            0.012027194289782358
        ]
    },
    "1.0": {
        "paper": [
            1.0,
            0.012122330334195679
        ],
        "baseline": [
            1.0,
            0.012122330334195684
        ]
    },
    "1.5": {
        "paper": [
            1.0,
            0.01196584897394731
        ],
        "baseline": [
            0.9993333333333333,
            0.011972314362791133
        ]
    },
    "2.0": {
        "paper": [
            0.9995,
            0.011466757074775335
        ],
        "baseline": [
            0.9995,
            0.011469929934731447
        ]
    },
    "2.5": {
        "paper": [
            0.9984,
            0.01147921587921578
        ],
        "baseline": [
            0.994,
            0.01147750947043557
        ]
    },
    "3.0": {
        "paper": [
            0.9943333333333333,
            0.011964948248926192
        ],
        "baseline": [
            0.977,
            0.012054082695026508
        ]
    },
    "3.5": {
        "paper": [
            0.9865714285714285,
            0.01171028536392375
        ],
        "baseline": [
            0.9528571428571428,
            0.011890240359170927
        ]
    }
}