{
    "0.5": {
        "paper": [
            1.0,
            0.010158551952601113
        ],
        "baseline": [
            1.0,
            0.010158551952601113
        ]
    },
    "1.0": {
        "paper": [
            1.0,
            0.0107465492744172
        ],
        "baseline": [
            0.997,
            0.010768346115504866
        ]
    },
    "1.5": {
        "paper": [
            0.9946666666666667,
            0.010713087730787664
        ],
        "baseline": [
            0.9673333333333334,
            0.010804053598530119
        ]
    },
    "2.0": {
        "paper": [
            0.9605,
            0.011013085526228737
        ],
        "baseline": [
            0.8745,
            0.011360393313936274
        ]
    },
    "2.5": {
        "paper": [
            0.8996,
            0.011071280148274807
        ],
        "baseline": [
            0.6836,
            0.011856590868320124
        ]
    },
    "3.0": {
        "paper": [
            0.7893333333333333,
            0.01073828339288181
        ],
        "baseline": [
            0.367,
            0.012666462179749453
        ]
    },
    "3.5": {
        "paper": [
            0.6665714285714286,
            0.01150262818144199
        ],
        "baseline": [
            -0.017142857142857144,
            -0.07152666018439492
        ]
    }
}