{
    "2": {
        "paper": [
            1.0,
            0.012629875106847268
        ],
        "baseline": [
            1.0,
            0.01262987510684728
        ]
    },
    "4": {
        "paper": [
            1.0,
            0.012705630538915016
        ],
        "baseline": [
            0.99775,
            0.012714523738097614
        ]
    },
    "6": {
        "paper": [
            0.9983333333333333,
            0.012618842269052551
        ],
        "baseline": [
            0.9858333333333333,
            0.012670250701120529
        ]
    },
    "8": {
        "paper": [
            0.984375,
            0.01270297022930865
        ],
        "baseline": [
            0.93975,
            0.012896827729669196
        ]
    },
    "12": {
        "paper": [
            0.9450833333333334,
            0.013186663265641753
        ],
        "baseline": [
            0.8365,
            0.013767762523635797
        ]
    },
    "14": {
        "paper": [
            0.8747142857142857,
            0.013372991334799581
        ],
        "baseline": [
            0.6284285714285714,
            0.015118383413660697
        ]
    }
}