{
    "2": {
        "paper": [
            1.0,
            0.01236730462742279
        ],
        "baseline": [
            0.9955,
            0.012401411350656288
        ]
    },
    "4": {
        "paper": [
            0.98025,
            0.011988865722220538
        ],
        "baseline": [
            0.896,
            0.012432750502109916
        ]
    },
    "6": {
        "paper": [
            0.8443333333333334,
            0.012756606556311747
        ],
        "baseline": [
            0.6286666666666667,
            0.014373266513786832
        ]
    },
    "8": {
        "paper": [
            0.69425,
            0.013522083067782648
        ],
        "baseline": [
            0.320125,
            0.01939973091242222
        ]
    },
    "12": {
        "paper": [
            0.6025,
            0.014217513357677987
        ],
        "baseline": [
            0.185,
            0.026665988872684183
        ]
    },
    "14": {
        "paper": [
            0.5212142857142857,
            0.015463861554569145
        ],
        "baseline": [
            0.0095,
            0.33992323001947194
        ]
    }
}